SKU,tier
SF50,highest
CU-1,highest
SC5,highest
DR50,highest
SC15,highest
CU,highest
SR7/OKW,highest
T80,highest
SC18,highest
SC4,highest
SR6/OKW,highest
TV18,highest
SC5/WAL,highest
SR5/OKW,highest
TV14,highest
TV24/OKW1.6,highest
SC4/WAL,highest
SC15/WAL,highest
TV13,highest
TV24/OKW1.8,highest
Basic/Single,highest
DC1254/OK-WH,highest
SC17,highest
SR7/WAL,highest
SC5/WAL-AD,highest
SR6/WAL,highest
SC5-AD,highest
TV18/WAL,highest
SI1685/OK,highest
SC15/WAL-AD,highest
DC12,highest
CH-1,highest
TV1634/OK,highest
DC1254/OKWH,highest
SC18/WAL,highest
SB4301/OKWH,highest
SI1885/OK,highest
SC15-AD,highest
SB4301-S/OK-WH,highest
SC18/WAL-AD,highest
SC4-AD,medium
SS6020-S/OK-WH,medium
SC19,medium
TV1853/OK,medium
SC11,medium
SC12,medium
SR7/OK,medium
UPGRADE/SC,medium
SC4/WAL-AD,medium
SC6,medium
SS8020-S/OK-WH,medium
SC22,medium
TV24/OK1.6,medium
SC16,medium
SC18-AD,medium
SB9065/TW-WH,medium
SC7,medium
SB1279/OK,medium
SC15(X2)/WAL,medium
CH,medium
SB9065/TWWH,medium
SC15(X2),medium
DC1232/OKWH,medium
SS6202/OK,medium
SB6304/OK,medium
SB8052/OK,medium
SC4(X2)/WAL,medium
SC4(X2),medium
T1032/OK,medium
DC8064/OK,medium
SB6019/OK-W,medium
SC5(X2),medium
SS1250/OK,medium
SB4004/OK,medium
SI1593,medium
Tranquil/Single,medium
SB4301/TWWH,medium
SC18/OAK-AD,medium
TV1671/OK,medium
SB6022/OK-MB,medium
SI-1593,medium
T8000/OK,medium
MSD003-NAD,medium
SB1081/OK-NMB,medium
LOCK,medium
SB1283/3075-AD,medium
CD8010/OK,medium
SB1283/3045WH-AD,medium
SS6020/OKWH,medium
CF5/OK,medium
SB1269/OK,medium
MSD003-AD,medium
DC8064/WH,medium
SC4(X2)/WAL-AD,medium
TV1634/CN-AD,medium
WD4021-AD,medium
DC6082/OK-WH,medium
OB033DNE,medium
SB6301/OK-AD,medium
SC5(X2)-AD,medium
SI1685/CN-AD,medium
SS8202/OK-GP,medium
WD8003-AD,medium
Dang Low Back Chair,medium
H5/8-NC,medium
SB9085/OKBK,medium
SC15(X2)/WAL-AD,medium
SI1295-AD,medium
TV1219/OK-GP,medium
SC18/OAK,medium
DC1254/TWWH-AD,medium
TV1601/OKGP,medium
DC6075/OKWH,medium
SB1283/3045-AD,medium
SI1623/OK-AD,medium
SR7/OKW(Standard)-AD,medium
WD1233/OK,medium
10176803,medium
SB6304/3045-AD,medium
SB6335/TW,medium
SC5(X2)/WAL,medium
SR4/3036,medium
SB4311/3045WH-AD,medium
SC15(X2)-AD,medium
SR4/3075-AD,medium
10149028,medium
10411860,medium
80418-FF,medium
DC8036/3045WH-AD,medium
OC038FH,medium
OD028FL,medium
OE016DW,medium
SC4(X2)-AD,medium
SI1685/3045-AD,medium
TV1853/OK-AD,medium
WD8033/OK,medium
10421635,medium
DC1254/OKWH-AD,medium
DT6000/OKGP,medium
SB1048/3075,medium
SB6012/OK,medium
SC15-NAD,medium
SS8020/OKWH,medium
TV1634/CN-NAD,medium
TV1671/3045-AD,medium
TV1819/OK-GP,medium
WD8005-AD,medium
10121932,medium
10411859,medium
B16LD,medium
DC1232/3045WH-AD,medium
DSD150-33,medium
MSD003,medium
OC021FH,medium
OC039FH,medium
SB1283/MapleWH,medium
SB8083/3075-AD,medium
SI1885/3045-AD,medium
SR2/3113WH-AD,medium
SR7/3036WH(Premium)-AD,medium
Stamina/Single,medium
SB6335/CN,medium
SB6335/OK,medium
SC18(X2)/WAL-AD,medium
SR2/3075-AD,medium
SS6020/3113WH-AD,medium
WD1415/R-WH,medium
WD4002-AD,medium
10178804,medium
10212797,medium
10409839,medium
C-DAM-LB-A100-M32-L4-F19-01,medium
CF5/Walnut,medium
OB048FL,medium
SB1048/TW-AD,medium
SB1081/OK-GP,medium
SB1081/OKNMB,medium
SB1283/607-AD,medium
SB1283/OK,medium
SB4301/3113WH-AD,medium
SC18(X2)/WAL,medium
SI1593/3045-AD,medium
SR2/3036-AD,medium
SR6/OK,medium
SR7/WALNUT,medium
Tranquil/Supersingle,medium
WD8003/3036,medium
10212798,medium
ASD80-08,medium
H2/8-NC,medium
Miranda/Storage/Boucle/SuperSingle,medium
SB1283/3075,medium
SC5(X2)/WAL-AD,medium
SC5/WAL-NAD,medium
SI1295/3075-AD,medium
SI1623T/3045-AD,medium
SR5/OK,medium
SR6/3036WH-AD,medium
SR7/3113WH(Premium)-AD,medium
SS6020/Custom,medium
TV1601/OK,medium
TV24/OK1.8,medium
Tranquil/Queen,medium
10209414,medium
10212796,medium
10465765,medium
CTMCOLOR,medium
DC1232/3075-AD,medium
DC8001/TW-AD,medium
Essential2/Queen,medium
MITTI/TABLE1.2,medium
OC035FL,medium
OE016DU,medium
PHAT-014,medium
SB6301/OK,medium
SB6304/3027-AD,medium
SB8083/3045,medium
SB8322/3036,medium
SC15/WAL-NAD,medium
SI1295/3045-AD,medium
SI1685S/3045-AD,medium
SI1885/3075-AD,medium
SR6/OKW-AD,medium
SS6020/3045-AD,medium
SS6202/3045-AD,medium
T1452/HW,medium
TV18/WAL-AD,medium
TV24/1.6/3113WH-AD,medium
TV25/3075,medium
Trifold,medium
WD1415/RWH,medium
10411862,medium
10452884,medium
10472592,medium
13061,medium
ASD120-51,medium
Basic-S,medium
DC1606/OKWH,medium
DC8036/3045WH,medium
OC035FH,medium
OC039FL,medium
OE004DW,medium
OE012EC,medium
SB4311/3075-AD,medium
SB4311/MapleWH,medium
SB8083/3045-AD,medium
SB9065/3113-AD,medium
SI1685/Custom,medium
SR2/3045-AD,medium
SR2/3045WH,medium
SR5/3113WH(Premium)-AD,medium
SR7/OKW(Standard),medium
SS6020/3045WH-AD,medium
SS6202/3075-AD,medium
TV1565/3036BK-AD,medium
TV24/1.6/3075-AD,medium
TV24/1.6/607-AD,medium
TV24/1.8/3113WH-AD,medium
WD1244/TW-SR,medium
WD8009,medium
X117302,medium
10148885,medium
10209412,medium
10375682,medium
10411861,medium
10433828,medium
13061DU,medium
36221DWE,medium
CTMFULL,medium
DC1232/3113WH-AD,medium
DC1254/TWWH-NAD,medium
DC1408/3045WH,medium
DC1606/OKBK,medium
DC8064/CN-AD,medium
SB1283/Walnut,medium
SB6001/3045WH-AD,medium
SB6304/3036-AD,medium
SB8083/3036-AD,medium
SI1295/OK,medium
SI1680/3075-AD,medium
SI1685/607-AD,medium
SR2/3045WH-AD,medium
SR2/607-AD,medium
SR4/607-AD,medium
SR7/3075(Premium)-AD,medium
SS1203/S-GP,medium
Sensation/Single,medium
TV1202/BAWH-AD,medium
TV1634/3045-AD,medium
TV1634/3075-AD,medium
TV1634/607-AD,medium
TV1634/OK-WH,medium
TV1671/607-AD,medium
TV1671/WAL,medium
TV1672/3045-AD,medium
TV18/WAL-NAD,medium
TV24/1.6/3113-AD,medium
TV24/WAL1.6,medium
WD8004-AD,medium
X117042,medium
10057207,medium
10091948,medium
10178811,medium
10186182,medium
10200854,medium
10209416,medium
10209417,medium
70509-AKUU,medium
70513-GOGO49,medium
8002-11,medium
ASD100-51,medium
ASD120/WH,medium
ASD150-07,medium
DC1289/3075,medium
DC8036/3021WH-AD-2,medium
KHB,medium
Leo/PU/Queen/1916,medium
Miranda/Storage/Leather/Queen,medium
OC039/WAL,medium
Plus(w/eurotop)/SuperSingle,medium
SB4301/607-AD,medium
SB6001/3036-AD,medium
SB8083/Pine,medium
SB8311/3113WH-AD,medium
SC18(X2)/OAK-AD,medium
SI1295O/3036-AD,medium
SI1295O/3075-AD,medium
SI1593/3075,medium
SI1685/3036-AD,medium
SI1685/CN-NAD,medium
SI1685/Pine,medium
SR4/Walnut,medium
SR5/607(Premium)-AD,medium
SR6/49,medium
SS1086/OK,medium
SS6020/3113-AD,medium
SS6020/607-AD,medium
SS6202/3075,medium
TV1634/WAL,medium
TV1672/3075-AD,medium
TV24/1.6/3036WH-AD,medium
Vigor/Queen,medium
WD8007-AD,medium
WD8035/TW,medium
10058578,medium
10178807,medium
10191380,medium
10227216,medium
10242090,medium
10428562,medium
10449358,medium
10452883,medium
10472590,medium
36047DWE,medium
79937-DJGM,medium
ASD80-51,medium
BS-SC15/WAL,medium
CTM10456,medium
CTM10789A,medium
CTM11655,medium
CTM11751,medium
DC1232/3045-AD,medium
DC1232/MapleWH,medium
DC1232/Walnut,medium
DC1254/3036WH-AD,medium
DC1289/3018WH,medium
DC1606/Custom,medium
DC8036/OKWH,medium
DC8036/RusticWH,medium
DC8064/WH-AD,medium
Essential(noeurotop)/SuperSingle,medium
Essential2/Single,medium
HDL A395 224mm,medium
Miranda/Storage/SuperSingle,medium
OB044FL,medium
OC037FL,medium
OC049DN,medium
OD027FL,medium
SB4301/TWWH-AD,medium
SB6304/3065-AD,medium
SI1295/607-AD,medium
SI1295/Custom,medium
SI1623/Custom,medium
SI1623/OK-NAD,medium
SI1623T/3045WH-AD,medium
SI1623T/3075-AD,medium
SI1623T/607-AD,medium
SI1685/3075-AD,medium
SI1685S/Maple,medium
SI1885/607-AD,medium
SI1885/Maple,medium
SR4/3075,medium
SR5/3036WH(Premium)-AD,medium
SR5/WAL,medium
SR7/607(Premium)-AD,medium
SR7/PineWH(Premium),medium
SS6020/3075-AD,medium
SS6020/WH,medium
Sensation/Queen,medium
T-C-CUS-HB-BK,medium
T1261/OK,medium
T1452/CE,medium
TV1565/3036-AD,medium
TV1634/614-AD,medium
TV1865/3036BK-AD,medium
TV24(1.8m)/OAK,medium
WD8003/3036-AD,medium
X115821,medium
Zara/Divan/Queen/PL-012,medium
Zara/Storage/Queen/ME002,medium
10087088,medium
10097234,medium
10121700,medium
10146605,medium
10172886,medium
10184024,medium
10201286,medium
10212783,medium
10231404-A,medium
10258874,medium
10291247,medium
10344277,medium
10407697,medium
10417756,medium
10425887,medium
10427464,medium
10429254,medium
10443714,medium
10447924,medium
36047FLE,medium
36297DUE,medium
79938-49UU,medium
ASD120-11,medium
CTM10909,medium
CTM11457B,medium
CTM11467 (Assemble on-site),medium
CTM11643,medium
CTMSIZE,medium
DC1232/607-AD,medium
DC1606/3021WH-AD,medium
DC6075/OK-WH,medium
DC7058/3036-AD,medium
DC8001/TW-NAD,medium
DC8022/OKWH-AD,medium
DC8064/607-AD,medium
Essential2/SuperSingle,medium
Essential3/Single,medium
Hotel/SuperSingle,medium
Miranda/Beige/Queen,medium
Miranda/Storage/Boucle/Queen,medium
OC036FH,medium
OC040FH,medium
SB1003/3018WH,medium
SB1283/3113WH-AD,medium
SB1283/Maple,medium
SB4301/TWWH-NAD,medium
SB6012/3045,medium
SB6304/3018WH-AD,medium
SB6304/3064,medium
SB6304/Maple,medium
SB6335/3045-AD,medium
SB8083/3045-ADx2,medium
SB8083/Walnut,medium
SB8311/3018WH-AD,medium
SB8311/3075,medium
SB9065/3045-AD,medium
SC4-NAD,medium
SI1295/3045,medium
SI1295/3075,medium
SI1295/Walnut,medium
SI1295O/3045-AD,medium
SI1295O/3045MB-AD,medium
SI1593/614-AD,medium
SI1593/OKMB-AD,medium
SI1623M/3075-AD,medium
SI1623T/OK-AD,medium
SI1680/3075,medium
SI1685/Maple,medium
SI1685S/3036-AD,medium
SI1885/3036-AD,medium
SI1885/3036-Wood legs,medium
SI1885/3075,medium
SI1885/HW-AD,medium
SI1885/Walnut,medium
SR2/OAK,medium
SR2/Walnut,medium
SR4/Pine,medium
SR5/OAK,medium
SR5/OKW(Melamine),medium
SR6/3036WH,medium
SR6/3075-AD,medium
SR6/OAK,medium
SR6/PineWH,medium
SR7/3036(Premium)-AD,medium
SR7/Walnut(Premium),medium
SS1236/OKWH,medium
SS4001WD/3036,medium
SS6020/WH-AD,medium
SS6020/Walnut,medium
SS6202/3045,medium
SS8030/WH,medium
T9015,medium
T9021/3045,medium
TV1634/3045WH-AD,medium
TV1634/Custom,medium
TV1671/3036-AD,medium
TV1865/3036GRYLINEN-AD,medium
TV24/1.6/3045-AD,medium
TV24/1.6/3045WH-AD,medium
TV24/1.6/3075,medium
TV24/1.6/607,medium
TV25/3045,medium
Tri-fold,medium
Vigor/Single,medium
Vigor/SuperSingle,medium
WD1233/OKWH,medium
WD1244/TWSR,medium
WD1512/OK,medium
WD4021/3036,medium
WD8006-AD,medium
WD8033/WH,medium
X146088,medium
Zara/Beige/SuperSingle,medium
Zara/Divan/Leather/Queen/ML-00,medium
Zara/Storage/Queen,medium
*SB1283/3045WH-Metal Legs,medium
*SB1283/3075-stack,medium
*SB8083/3045-use blum hinges,medium
*SB_EVI_16088T_3075 (SI1623T/3075)-Add 2 lock to first two drawer,medium
10031400,medium
10031737,medium
10077190,medium
10097234-AD,medium
10098455,medium
10152878,medium
10153754,medium
10191379,medium
10212409,medium
10219409,medium
10231404,medium
10256794,medium
10332807,medium
1039 Pull Out/SS-S/PL016,medium
10396775,medium
10418482,medium
10418483,medium
10423851,medium
10424340,medium
10424342,medium
10425889,medium
10429255,medium
10430809,medium
10449108,medium
1045 Storage Bed/Single/omi02,medium
1045 Storage Bed/Single/omi05,medium
10459159,medium
1049 Drawers Bed/Queen/omi01,medium
13059DU,medium
"3"" Storage Headboard-PL007",medium
36047DUE,medium
36314DUE,medium
36314FCE,medium
36525FLE,medium
79937-AKUU,medium
8002-51,medium
86014-GMDJ,medium
Autumn/Storage/Single/PU-1917,medium
Autumn/Super Single/PU-1919,medium
BS-DC1408/3045WH,medium
BS-Display SIngle Storage Bed,medium
BS-SB6304/3064,medium
BS-SB8311/OakWH,medium
BS-SC5/WAL,medium
BS-TV1853/3036,medium
BT4550/3101,medium
Basic/DivanSet/PU/Super Single,medium
CH (KN-D822-BL),medium
CTM10443,medium
CTM10452B,medium
CTM10485 (SI1885/3123),medium
CTM10489 (SB8083/Pine),medium
CTM10503B,medium
CTM10688 (SR4/Maple),medium
CTM10732,medium
CTM10791,medium
CTM10909 (SB6001/3021) - Black plastic legs,rest
CTM11495,rest
CTM11523 (SB8311/Espresso),rest
CTM11612 (SB4311/3018WH)-WOOD LEGS,rest
CTM11619,rest
CTM11712,rest
CTM11712A,rest
CTM11719,rest
CTM11756,rest
CTM12185,rest
CTM12218,rest
DC1232/3045WH,rest
DC1232/Custom,rest
DC1254/3036WH,rest
DC1254/PineWH,rest
DC1289/3075-soft close sliders,rest
DC1404/3045WH,rest
DC7058/3045-AD,rest
DC8022/3045WH-AD,rest
DC8022/MapleWH,rest
DC8036/3021WH-AD,rest
DC8036/MapleWH,rest
DC8036/OKWH-2,rest
DC8064/3021WH-AD,rest
DC8064/3075,rest
DC8064/BA-AD,rest
DC8064/WAL,rest
Elite/DivanSet/PU/Queen,rest
Elite/StorageSet/Amber/King,rest
Elizabeth/Divan/Single (Custom width 89cm),rest
Elizabeth/Grey/Single,rest
Essential(noeurotop)/Single,rest
Hotel/Queen,rest
HotelStudio/King,rest
HotelStudio/SuperSingle,rest
KHB / colour:1917-1,rest
KI-DC8036/3021WH,rest
Miranda Custom / Queen,rest
Miranda/Beige/SuperSingle,rest
Miranda/Divan/SuperSingle,rest
Miranda/King/Giorletti 01,rest
Miranda/Queen/Giorletti 01,rest
Miranda/Storage/Single,rest
Miranda/Storage/Single/Omi02,rest
Miranda/Storage/SuperSingle/PL017,rest
Miranda/SuperSingle/Giorletti 01,rest
OB027FL,rest
OB045FL,rest
OC049DX,rest
OD027FH,rest
OD029FH,rest
OD035FL,rest
OE006DU,rest
OE006DW,rest
P4052/3101,rest
Plus(w/eurotop)/Queen,rest
SB10,rest
SB1047/BA-AD,rest
SB1048/3036,rest
SB1050/3075,rest
SB1204/3075-Metal Legs,rest
SB1283/3045,rest
SB1283/3045WH,rest
SB1283/3064-AD,rest
"SB1283/3075-add ventilation caps, wood legs",rest
SB1283/OK-AD,rest
SB1283/Walnut-metal legs,rest
SB4301/Custom,rest
SB4311/Walnut,rest
SB6001/3027-AD,rest
SB6001/3036,rest
SB6001/3064-AD,rest
SB6001/3101WH-AD,rest
SB6304/3027,rest
SB6304/3027-see remarks,rest
SB6304/3036,rest
SB6304/3045,rest
SB6304/3064-AD,rest
SB6304/Custom,rest
SB6304/Espresso,rest
SB7/SB6-NBG10 Pull-out Bedframe,rest
SB8083/3036(X2),rest
SB8083/3036-ADx2,rest
SB8083/3075,rest
SB8083/3075-ADx2,rest
SB8083/Walnut-KN-D822-BRS2,rest
SB8311/OKW,rest
SB8312/3045WH,rest
SC15/WAL-Nail backboard,rest
SC18(X2)-AD,rest
SC18/WAL-Black 8cm legs (spray black),rest
SC4(X2)/WAL-black plastic legs (take note of skirting 25x70mm),rest
SC4/WAL-NAD,rest
SC5(X2) (Take Back),rest
SC5-NAD,rest
SC5/OAK,rest
SC5/WAL-Nail backboard,rest
SC_ED_43100_3045WH (SB4311/3045WH),rest
SI1295/3075-soft close slider,rest
SI1295/3113-AD,rest
SI1593/OK,rest
SI1623/WAL,rest
SI1623M/3045-AD,rest
SI1623M/3045WH-AD,rest
SI1623M/3113WH-AD,rest
SI1623M/607-AD,rest
SI1680/3101-AD,rest
SI1685/3064,rest
SI1685/3075,rest
SI1685/3101,rest
SI1685/3113WH-AD,rest
SI1685/614-AD,rest
SI1685/HW-AD,rest
SI1685S/3065-AD,rest
SI1685S/3075-AD,rest
SI1685S/3075-NAD,rest
SI1885/3018-AD,rest
SI1885/3064-AD,rest
SI1885/3113-AD,rest
SI1885/Custom,rest
SI1885/Oak,rest
SR2/3036,rest
SR2/3045-Metal legs,rest
SR2/WAL,rest
SR5/OKW(Premium),rest
SR5/PineWH(Premium),rest
SR7/3075(Premium),rest
SR7/3075-NO LEGS,rest
SR7/3113(Premium)-AD,rest
SR7/WAL(Melamine),rest
SS6020/3075,rest
SS6020/Maple,rest
SS6020/MapleWH,rest
SS6020/WAL,rest
SS6020C/3065-AD,rest
SS6202/3064-AD,rest
SS8202/OKGP,rest
Single Storage Bed/Blue,rest
Spring/PU/super single/1918,rest
Spring/Queen/Storage,rest
Spring/SuperSingle/Custom,rest
Stella/Queen/Beige,rest
Storage/Single/No Headboard/ME005,rest
Studio/SuperSingle,rest
TL4569K78204,rest
TV1202/BAWH-NAD,rest
TV1266/3075,rest
TV1565/Pine,rest
TV1634/3075,rest
TV1634/MapleWH,rest
TV1634/OK-AD,rest
TV1634/WH-AD,rest
TV1650/3101-AD,rest
TV1671/Maple,rest
TV1672/3045,rest
TV1672/3045-Wood Legs,rest
TV1853/Custom,rest
TV1865/PineBK-HDL C816-128-SS,rest
TV24 (1.6m)/49,rest
TV24/1.6/PineWH,rest
TV24/1.8/607-AD,rest
TV24/Custom,rest
TV_PA2_16050T_ 3045 (TV1650/3045),rest
WD4002/3036,rest
WD4021/3036+4025,rest
WD4021/Pine,rest
WD8003/3075,rest
WD8003/Pine,rest
WD8005/3036+4025,rest
WD8005/3036-AD,rest
WD8005/3075,rest
WD8006/Oak,rest
WD8007/3036-AD,rest
WD8009/3036,rest
X105843,rest
Zara-Divan/Queen,rest
Zara/Brown/Single,rest
Zara/King/ME005,rest
Zara/Storage/Single,rest
Zara/Storage/SuperSingle,rest
 SI1623T/MapleWH,rest
**SB_MU_120135M_3036 (SR4/3036)-Add 4 shelves,rest
*CTM11971/Soft close/Black pvc 10cm ,rest
*CTM11975-soft close slider,rest
"*DC1289/3045-NOLEGS, HDL172-128-SS",rest
*KI-DC1606/3021WH-leg change toe kick,rest
*P4052/3065-Metal legs,rest
*SB1003/3045-no ventilation holes,rest
*SB1283/3075/metal legs,rest
*SB8083/3036-SILVER LEGS,rest
*SB8322/3075-Add 2 ventilation holes,rest
*SC18/OAK-Metal Legs,rest
*SC_RIE_8087BP_3075 (SB8083/3075)-KN-D822-BL,rest
"*SC_RI_120100_3045WH (SB1283/3045WH)-Add ventilation holes, add cap",rest
*T9015/3045-Add leg stud,rest
*TV24/1.6/3045-SEE REMARKS,rest
*TV24/3075-Metal legs+Add 1 cable hole at left side,rest
10061281,rest
10178643,rest
10208197,rest
10217526,rest
10227012,rest
10294095,rest
10294095 (70046002 + 70046003),rest
10366599,rest
1039-SS,rest
10428754 (10428754 + 70108388),rest
10429256,rest
10435137 (Lexon),rest
10435138 (Lexon),rest
10435141,rest
10459158 (70112407 + 70112408),rest
1049 Drawers Bed/omi01-rawer back and baseboard ,rest
"11.5"" Hotel Choice/Queen",rest
13060DU,rest
13070DU,rest
14164,rest
1CL051-3-128,rest
1FL044005200R,rest
1FL044099200 ( L left ),rest
1FL044099200 ( R Right ),rest
36221FCE,rest
36221FEE,rest
36221FLE,rest
36297DWE,rest
4 ventilation Holes,rest
76231-UU,rest
80460-49AK,rest
ASD80-33,rest
Alpha Office Chair,rest
B16LD-KHJ03/Storage/Amber/Queen,rest
B16LD-NK23/Storage/Falcon/King,rest
BC127,rest
BCG80/WAL,rest
BC_OX_60200_3045 (BCSS6020/3045),rest
BE1561-A,rest
BS-10097234,rest
BS-10149028 Mirror,rest
BS-10424340,rest
BS-BT4550/3101,rest
BS-BT4550/4045,rest
BS-CTM10731,rest
BS-DC1232/4045WH,rest
BS-DC1232/MapleWH,rest
BS-DC1232/Walnut,rest
BS-DC1254/OKWH-showroom piece,rest
BS-DC1289/3075- top 3 drawers add soft close.,rest
BS-DC1289/OakWH,rest
BS-DC1404/MapleWH,rest
BS-DC7038/WH,rest
BS-DC7058/3036-Default dark grey handle,rest
BS-DC7058/Maple,rest
BS-DC7058/Pine-WOOD LEGS,rest
BS-DC8036/MapleWH,rest
BS-DC8036/RusticWH,rest
BS-Display Desk,rest
BS-Essential2/Single,rest
BS-Levi Sideboard,rest
BS-OC039/WAL,rest
BS-Office Chair,rest
BS-SB1003/3018WH-silver plastic legs,rest
BS-SB1283/3064,rest
BS-SB1283/MapleWH,rest
BS-SB4311/3045WH,rest
BS-SB6001/3027,rest
BS-SB6001/Ash White,rest
BS-SB6001/MapleWH,rest
BS-SB6001/Pine,rest
BS-SB6304/3018WH,rest
BS-SB6304/Maple,rest
BS-SB6304/OakWH,rest
BS-SB6330/3064,rest
BS-SB8083/4049-KN-D315-BLGD,rest
BS-SB8083/Walnut,rest
BS-SB9065/Oak,rest
BS-SC4,rest
BS-SC4(X2),rest
BS-SC5,rest
BS-SI1295O/3045MB,rest
BS-SI1295O/MapleMB,rest
BS-SI1593O/3045- customer pass us legs,rest
BS-SI1623M/607-Metal legs,rest
BS-SI1623M/OakWH,rest
BS-SI1685-Showroom piece,rest
BS-SI1685/3075,rest
BS-SI1685/607,rest
BS-SI1685/Walnut,rest
BS-SI1685S/Pine,rest
BS-SR2/3045WH,rest
BS-SR2/MapleWH,rest
BS-SR2/OakWH,rest
BS-SR4/3075,rest
BS-SR4/Walnut,rest
BS-SR5/3036WH,rest
BS-SR6/PineWH,rest
BS-SR7/3036(Premium),rest
BS-SS4001GD-LEFT/3045 (Door open to the left),rest
BS-SS4001WD/3045,rest
BS-SS6020/3018WH,rest
BS-SS6020/MapleWH,rest
BS-SS6020/WH,rest
BS-SS6202/3064,rest
BS-SS6202/Maple,rest
BS-SS6202/Walnut,rest
BS-Sensation/Single,rest
BS-TV1565/3064GRYLINEN,rest
BS-TV1565/PineBK,rest
BS-TV1634/3075,rest
BS-TV1853/OK,rest
BS-TV24/1.6/607,rest
BS4033,rest
BS9001/3075,rest
BT4545/3045-soft close slider,rest
BT4545LEFT/3045-soft close slider,rest
BT4550/3045,rest
BT4550/3101- add lock to drawer,rest
BT4550/4045,rest
Boss Office Chair,rest
C,rest
C-B1P-HB-A95-M23-L3-BK0257,rest
C-DAM-HB-A93-M32-L4-F19-01,rest
C-NUM-HB-A102-L5-F19-01,rest
CT5400K71204,rest
CT8040/OK,rest
CT8040/OK-AD,rest
CTM10314,rest
CTM10318,rest
CTM10349,rest
CTM10383,rest
CTM10391,rest
CTM10413,rest
CTM10425,rest
CTM10438,rest
CTM10440,rest
CTM10445,rest
CTM10452A,rest
CTM10457,rest
CTM10458,rest
CTM10464A,rest
CTM10464B,rest
CTM10465 (SB8083/1002),rest
CTM10486,rest
CTM10491,rest
CTM10503A,rest
CTM10504,rest
CTM10510,rest
CTM10512,rest
CTM10518,rest
CTM10519,rest
CTM10523,rest
CTM10535,rest
CTM10558,rest
CTM10568,rest
CTM10572 (SB8083/1002),rest
CTM10580,rest
CTM10613,rest
CTM10619,rest
CTM10628,rest
CTM10669,rest
CTM10700,rest
CTM10719 (SB6001/PineWH),rest
CTM10789B,rest
CTM10794,rest
CTM10798A,rest
CTM10798B,rest
CTM10812- provide 4x l bracket and screws for customer,rest
CTM10815 (TV24-W/White+Ash),rest
CTM10831,rest
"CTM10834 (SI1593/Walnut)-No legs, see remarks",rest
CTM10840,rest
CTM10840A,rest
CTM10840B,rest
CTM10840C,rest
CTM10840D,rest
CTM10840E,rest
CTM10840F,rest
CTM10841 (SB1283/Ash+1002),rest
CTM10861,rest
CTM10882,rest
CTM10893A,rest
CTM10893B,rest
CTM10897A,rest
CTM10897B,rest
CTM10903-SC Drawers and Doors,rest
CTM10914,rest
CTM10918,rest
CTM10930,rest
CTM10939,rest
CTM10943,rest
CTM10948,rest
CTM10956,rest
CTM10975 (TV1672/3066-slant metal legs),rest
CTM10984,rest
CTM10986,rest
CTM10989,rest
CTM10994 (DC7058/Pine)-HDL-C816-128-BL,rest
CTM11005 (DC1408/Rustic White),rest
CTM11007A,rest
CTM11007B,rest
CTM11011,rest
CTM11012,rest
CTM11029,rest
CTM11038,rest
CTM11047 (TV1865/Espresso),rest
CTM11291,rest
CTM11319 (TV1565/3045)-Soft close Slider,rest
CTM11355,rest
CTM11445,rest
CTM11446,rest
CTM11465A,rest
CTM11465B,rest
CTM11470,rest
CTM11497 (SB6001/Maple),rest
CTM11504 (SS6020/Oak),rest
CTM11504 (SS8030/Oak),rest
CTM11512 (DC8036/Pine),rest
CTM11519 (TV1650/1002)-Walnut wood legs,rest
CTM11524,rest
CTM11530(BT4545/3075)-soft close drawer,rest
CTM11530(BT4545LEFT/3075)-soft close drawer,rest
CTM11543,rest
CTM11550 (TV1853/3045),rest
CTM11576 (SB1283/1002),rest
CTM11612 (TV1650-T/3018WH),rest
CTM11612A,rest
CTM11612B-2,rest
CTM11612B/3036-Add Mirror,rest
CTM11613 (TV1650/3018)-SOFT CLOSE,rest
CTM11626,rest
CTM11640,rest
CTM11649 (SB8083/WH)-KN-D822-BRS2,rest
CTM11656 (WD4021/3045),rest
CTM11679 -Silver Handle,rest
CTM11683,rest
CTM11705,rest
CTM11712B,rest
CTM11712C,rest
CTM11720,rest
CTM11720 (SI1885/3018)-Wood Legs,rest
CTM11725,rest
CTM11734,rest
CTM11739 (SR8/3075 + metal legs),rest
CTM11749A,rest
CTM11749B-make sure got 3 cable hole,rest
CTM11752A,rest
CTM11752C/NOLEGS,rest
CTM11757,rest
CTM11966,rest
CTM11995,rest
CTM11997,rest
CTM12004A,rest
CTM12004B,rest
CTM12022 (SI1295/3045WH),rest
CTM12049,rest
CTM12062,rest
CTM12068 (BS9010/3101),rest
CTM12081 - SOFTCLOSE DOORS,rest
CTM12084,rest
CTM12092,rest
CTM12093,rest
CTM12109A,rest
CTM12109B,rest
CTM12111,rest
CTM12130A,rest
CTM12130B/no soft close,rest
CTM12151,rest
CTM12159,rest
CTM12160,rest
CTM12174,rest
CTM12181,rest
CTM12186,rest
CTM12199,rest
CTM12204,rest
CU (WARDROBE),rest
CU FOR SR6,rest
CU-Drawer,rest
Cable hole,rest
"Classic 10""/Queen",rest
DC1232,rest
DC1232/3045,rest
DC1232/3045WH-Add lock to all 3 drawers+soft close sliders,rest
DC1232/3075,rest
DC1232/3075-metal leg,rest
DC1232/Maple-Metal Legs,rest
DC1232/OK-NAD,rest
DC1232/Walnut -soft close door,rest
DC1254/Custom,rest
DC1254/OKWH-NAD,rest
DC1254/PineWH-Add lock bottom drawer,rest
DC1289/3045,rest
DC1289/Walnut,rest
DC1606/3075-soft close sliders,rest
DC1606/RusticWH,rest
DC1606/RusticWH-AddSoftCloseDrawer,rest
DC6082/OKWH,rest
DC7038/WH,rest
DC7038/WH-AD,rest
DC7058/3036WH-AD,rest
DC8012/WH-AD,rest
DC8022/OKWH-NAD,rest
DC8036/3021WH-NAD-2,rest
DC8036/3045WH-silver handles,rest
DC8036/RusticWH-Soft Close,rest
DC8064/3045WH-AD,rest
DC8064/CN-NAD,rest
DC8064/MapleWH,rest
DC_NO_60110BP_3036 (DC1289/3036),rest
Elite/StorageSet/Amber/SuperSingle,rest
Elizabeth/Beige/Queen,rest
Elizabeth/Divan/Single,rest
Elizabeth/Grey/SuperSingle,rest
Elizabeth/King/Storage,rest
Elizabeth/Storage/Single,rest
Essential2,rest
Essential3/Queen,rest
Essential3/SuperSingle,rest
Extra/Single,rest
Headboard,rest
Hexa Bookcase,rest
Hotel/King,rest
Hotel/Single,rest
Hotelchoice/Queen,rest
KHB-KHJ03/Divan/PU/SuperSingle,rest
KI-DC1289/3018WH,rest
KI-DC1408/3045WH/NO-SOFT-CLOSE,rest
KI-SB1204/3045-add holes caps,rest
KI-SB1204/3075-Metal Legs,rest
KI-SB1283/3045/BLACK-PLASTIC-LEGS/,rest
KI-SB8083/3045/Soft close,rest
KI-SB_HA_12079W_3075 (SR5/3075),rest
KI-SB_HA_16079W_3036 (SR7/3036(Premium),rest
KI-SC5(X2),rest
KI-SC_RIE_8087BP_3036(X2) (SB8083/3036(X2)),rest
KI-SI1685/3101,rest
KI-SR4/4045/no soft close,rest
KI-SR6/3036WH,rest
KI-SR7/3036WH(Premium),rest
KI-SS4001WD/3045,rest
KI-TV1650/3101,rest
KI-TV1801/3075-Metallegs,rest
KN-D822-BRS2,rest
"Leo (KHD-NK09)/Storage 16"" (B16LD)/SS/1913",rest
Lock,rest
Luxe/DivanSet/PU/Super Single,rest
Metal Legs,rest
Miranda/Beige/King,rest
Miranda/Divan/Queen,rest
Miranda/Grey/Queen,rest
Miranda/Queen,rest
Miranda/Single/PL009,rest
Mirror,rest
OA040FH,rest
OB020EC,rest
OB033DWE,rest
OB034A7E,rest
OB048FH,rest
OC040FL,rest
OD005DW,rest
OD028FH,rest
OD036FL,rest
OD061FL,rest
OD062FL,rest
OE010EC,rest
OE022FC,rest
OE033FC,rest
Office Chair,rest
P4052,rest
P4053,rest
P4053/3036,rest
PVC - metal legs,rest
SB1048/3075-Orion13 cushion,rest
SB1083/BAGP,rest
SB1204/3075-AD,rest
SB1283/3045 - ADD METAL LEGS,rest
SB1283/3045-Black legs,rest
SB1283/3045-Black plastic legs,rest
SB1283/3045WH-Lock,rest
SB1283/3064-black plastic legs,rest
SB1283/3065-AD,rest
SB1283/3075-Walnut wood legs,rest
SB1283/Maple-Black plastic legs,rest
"SB1283/Maple-Middle door, top and bottom panel",rest
SB1283/MapleWH-Add Wheels,rest
SB1283/MapleWH-add ventilation cap,rest
SB1283/Walnut-Black plastic legs,rest
SB1283/Walnut-Metal legs,rest
SB1283/White,rest
SB4301/3075-AD,rest
SB4301/Walnut,rest
SB4311/3036-AD,rest
SB4311/3045WH,rest
SB4311/3045WH (43cm),rest
SB4311/3075,rest
SB6001/3010-AD,rest
SB6001/3027,rest
SB6001/3101WH,rest
SB6001/Ash White - SOFTCLOSE,rest
SB6001/Pine,rest
SB6001/SP Oak,rest
SB6012/Maple-Metal leg,rest
SB6012/OK-AD,rest
SB6012/WH,rest
SB6301/OK-NAD,rest
SB6304/3113-AD,rest
SB6304/3113WH-AD,rest
SB6304/OakWH,rest
SB6304/Pine- add holes to each shelf level,rest
SB6330/Walnut,rest
SB6335/614-AD,rest
SB6335/Maple,rest
SB6335/TW-AD,rest
SB6335/WAL,rest
SB6335/Walnut-blackplastic legs,rest
SB8083(X2)/3075,rest
SB8083/3036,rest
SB8083/3036-Dont instal legs but deliver them together,rest
SB8083/3045(x2),rest
SB8083/3064,rest
SB8083/4046,rest
SB8083/4049,rest
SB8083/Maple,rest
SB8083/Walnut - SOFTCLOSE,rest
SB8083/Walnut-KN D316 gold knob,rest
SB8083/Walnut-SC doors,rest
SB8311/3018WH,rest
SB8311/Walnut-Add planks below+Black plastic legs,rest
SB8311/Walnut-Metal legs,rest
SB8322-Pickup,rest
SB8322/WH,rest
SB8360/HWNB-AD,rest
SB9065/3036-AD,rest
SB_BE_120180_3036 (SR8/3036),rest
SB_BE_120180_3075 (SR8/3075),rest
SB_EVI_16088T_3045WH (SI1623T/3045WH),rest
SB_EVI_16088T_3075 (SI1623T/3075)-Toe Kick,rest
SB_EV_12088T_3045WH (DC1232/3045WH),rest
SB_MAO_12095M_3045 (SI1295O/3045),rest
SB_MAO_12095M_3075 (SI1295O/3075)/ soft close hinge and drawer,rest
SB_MO_16085M_3045 (SI1680/3045),rest
SB_MU_120135M_3036 (SR4/3036),rest
SB_MU_120135M_3075 (SR4/3075),rest
SB_RO_80134W/3075 (CTM11752D/3075),rest
SC15(X2) - SOFTCLOSE,rest
SC15(X2)/OAK,rest
SC15(X2)/WAL-Add 1 lock (ask eileen),rest
SC15(X2)/WAL-Add 4 Lock,rest
SC15(X2)/WAL-Add Lock,rest
SC15(X2)/WAL-Black legs ,rest
SC15- no legs,rest
SC15-no soft close,rest
SC15/WAL - Softclose,rest
SC15/WAL-Add lock,rest
SC15/WAL-BLACK LEGS,rest
SC15/WAL-Lock,rest
SC18(X2)/OAK,rest
SC18(X2)/OAK-Silver legs,rest
SC18/OAK-Wheels,rest
SC18/OAK-no soft close,rest
SC18/WAL-Add Lock,rest
SC18/WAL-Metal legs,rest
SC18/WAL-Silver legs,rest
SC18/WAL-Soft close,rest
SC4(X2)-10cm black legs,rest
SC4(X2)/OAK,rest
SC4(X2)/WAL - SOFTCLOSE,rest
SC4(X2)/WAL-NO SOFT CLOSE,rest
"SC4(X2)/WAL-No legs, but provide legs and screws",rest
SC4(X2)/WAL/soft closing,rest
SC4-no soft close,rest
SC4/WAL -  stack,rest
SC4/WAL-BLACK LEGS,rest
SC4/WAL/soft closing,rest
SC5 (Collect back send to shaw),rest
"SC5(X2)-White legs, but pass the original legs to customer",rest
SC5(X2)/WAL-Wheels,rest
SC5(X2)/WAL-remove panel stickers,rest
SC5-10cm black legs,rest
SC5-Add 2 locks,rest
SC5-NO SOFT CLOSE,rest
SC5/Oak,rest
SC5/WAL - stack,rest
SC5/WAL-Add 2 Lock,rest
SC5/WAL-Add lock,rest
SC5/WAL-BLACK LEGS,rest
SC5/WAL-BlackLegs,rest
SC5/WAL-Wood legs,rest
SC5/WAL/soft closing,rest
SC_NA_60180_3036 (SB6304/3036),rest
SC_RI_120100_3045WH (SB1283/3045WH),rest
SC_RI_120100_3075 (SB1283/3075),rest
SC_TO_60120_ 3045 (SB6330/3045),rest
SI1283/WAL,rest
SI1293/OKMB-AD,rest
SI1295-NAD,rest
SI1295/3021-AD,rest
SI1295/3036,rest
SI1295/3036-AD,rest
SI1295/Maple,rest
SI1295O/3045,rest
SI1295O/3045 - check black sliders are smooth,rest
SI1295O/3075,rest
SI1295O/Maple,rest
SI1295O/Pine,rest
SI1295O/Walnut-Soft close drawers and doors,rest
SI1593/Maple,rest
SI1593/Walnut,rest
SI1593O/3045-install legs,rest
SI1623/MO-AD,rest
SI1623/Pywood,rest
SI1623M/3075 -  METAL LEGS/ 2 Bottom drawer add lock,rest
"SI1623M/OakWH-1st Drawer soft close, Metal legs",rest
SI1623M/Walnut,rest
SI1623T/3036-AD,rest
SI1623T/3045,rest
SI1623T/3075,rest
SI1623T/3113WH-AD,rest
SI1623T/607,rest
SI1623T/614-AD,rest
SI1623T/OKWH-AD,rest
SI1623T/WAL-AD,rest
SI1680/3036,rest
SI1680/3036-AD,rest
SI1680/3045,rest
SI1680/3064-AD,rest
SI1680/3101,rest
SI1680/3101-Oak wood Legs,rest
SI1680/Maple,rest
SI1680/Walnut,rest
SI1685/3045 - SOFTCLOSE/ dont install legs but deliver the legs + screws to customer,rest
SI1685/3064-AD,rest
SI1685/3075-Do not install legs but pass the legs to customer,rest
SI1685/3101-AD,rest
SI1685/3113,rest
SI1685/3113-AD,rest
SI1685/3113Oak,rest
SI1685/HW-NAD,rest
SI1685/Maple - NO LEGS,rest
"SI1685/Maple-REMOVE LAST right DOOR, but send the door",rest
SI1685/Walnut,rest
SI1685/Walnut-Add wheels,rest
SI1685S/3101-AD,rest
SI1685S/607,rest
SI1685S/607-AD,rest
SI1685S/614-AD,rest
SI1685S/Espresso-no legs,rest
SI1685S/Pine-Add cable holes,rest
SI1685S/Walnut,rest
SI1885/3045,rest
SI1885/3045-Wood Legs,rest
SI1885/3064,rest
SI1885/3113,rest
SI1885/Pine-Slant metal leg,rest
SI1885/WAL,rest
SR2/3018WH,rest
SR2/3045WH-NO SOFT CLOSE,rest
SR2/3064-AD,rest
SR2/3075,rest
SR2/3075/METAL-LEGS,rest
SR2/3075WH,rest
SR2/3075WH-AD,rest
SR2/3113-AD,rest
SR2/Maple-Add 3 Holes,rest
SR2/Pine-see remarks,rest
"SR2/Walnut - Add ventilation holes on every tier, black handle",rest
SR2/Walnut-Bottom panel,rest
SR4/3036-Wood Legs,rest
"SR4/3075-Nobottomrightdoor, pass the door to customer",rest
SR4/Pine-soft close,rest
SR4/WAL,rest
SR5/3036-AD,rest
SR5/3036WH,rest
SR5/3036WH(Premium),rest
"SR5/3075 - don't install legs but deliver to customer, sticker up the hole",rest
SR5/3075(Premium),rest
SR5/3075(Premium)-AD,rest
SR5/OKW(Standard),rest
SR6/Custom,rest
SR6/OKW-NAD,rest
SR6/Walnut-HDL-D200+Soft close door,rest
SR7/3036,rest
SR7/3036WH(Premium),rest
SR7/3045WH(Premium),rest
SR7/3045WH(Premium)-AD,rest
SR7/49,rest
SR7/MapleWH(Premium),rest
SR7/Pine(Premium)-Remove legs but send the legs to customer,rest
SR7/WAL(Premium),rest
SR7V1/OKW,rest
SR8/3036,rest
SS1236/3075,rest
SS4001/3045-AD,rest
SS4001/WH-WD,rest
SS4001GD/3045,rest
SS4001WD/WH,rest
SS6020/3045,rest
SS6020/3045-KN-D822-BRS2 knob,rest
SS6020/3065-AD,rest
SS6020/OakWH,rest
SS6020C/Espresso,rest
SS6202,rest
SS6202/3065-AD,rest
SS6202/3113,rest
SS6202/607-AD,rest
SS6202/Espresso,rest
SS6202/Maple,rest
SS6202/Walnut,rest
SS8052/Custom,rest
ST_PI1DR1DRW_9075_3075 (T9015/3075),rest
Sensation/SuperSingle,rest
Single Divan Bedframe,rest
"Spring (KHJ03)/Storage 16"" (B16LD)/Q/1933",rest
Stella/Wenge/SuperSingle,rest
Studio/Single,rest
T1013,rest
T1211,rest
T1211/3045,rest
T1221LEFT,rest
T1221LEFT/White,rest
T1263/S-WH,rest
T1511,rest
T9021/Maple-add legs stoppers at the bottom,rest
T9021LEFT,rest
TV1565/3064-AD,rest
TV1565/3064GRYLINEN-AD,rest
TV1565/PineBK-HDL-D177-128-BL+wire cover CG Y7060 x1,rest
TV1565/PineGRYLINEN,rest
TV1634/3018-Remove toekick,rest
TV1634/3045,rest
TV1634/3045WH,rest
TV1634/614+4046-Metal legs,rest
TV1634/WH,rest
TV1634/Walnut-HDL-D210-64-BRS2-Metal legs,rest
TV1650/3101-metal legs,rest
TV1671,rest
TV1671/3045,rest
TV1671/3075-AD,rest
TV1671/607,rest
TV1671/Maple-Add cable caps,rest
TV1671/Maple-Collect back,rest
TV1671/Pine,rest
TV1671/Walnut,rest
TV1672/3075,rest
TV1672/3075-NOSOFTCLOSE,rest
TV1672/3075-Wood legs,rest
TV1672/3075/Woodlegs,rest
TV1672/Walnut,rest
TV1853/3036,rest
TV1853/3036-AD,rest
TV1865/3036,rest
TV1865/3036-AD,rest
TV1865/PineBK,rest
TV24/1.2/3113WH-AD,rest
TV24/1.6/3036WH,rest
TV24/1.6/3045,rest
TV24/1.6/3075 - SOFTCLOSE / don't install middle backboard but deliver together,rest
TV24/1.6/3075/add  2more  cable hole,rest
TV24/1.6/Maple,rest
TV24/1.6/MapleWH,rest
TV24/1.6/Oak,rest
TV24/1.6/Walnut-No handles,rest
TV24/1.8/3045,rest
TV24/1.8/OakWH,rest
TV24/1.8/Walnut,rest
TV24/3036,rest
TV24/3036-AD,rest
TV25/3036WH-AD,rest
TV25/3045-AD,rest
TV25/3075-AD,rest
TV25/3075-no handles,rest
TV25/Walnut,rest
TV25/Walnut-NO SOFT CLOSE,rest
TV_HA_16054W_3075 (TV24/1.6/3075),rest
TV_HA_18054W_3036WH (TV25/3036WH),rest
TV_LI_16069M_3075 (TV1672/3075) /Dont install the legs/no soft close hinge and drawer,rest
TV_PA_16050T_3075 (TV1634/3075),rest
Tranquil/Super Single,rest
"Vigor 13""/SuperSingle",rest
Vigor/King,rest
WD4002/3036+4025,rest
WD4002/3036-AD,rest
WD4002/3045-silver handles,rest
WD4002/Oak (Door open left side),rest
WD4002/Pine,rest
WD4021/3036-AD,rest
WD4021/3036-Door open to the left side,rest
WD4021/3075,rest
WD4021/Oak,rest
WD4021/WH-SOFT CLOSE DOOR,rest
WD4021/WH-Silver handle,rest
WD80 + WD40,rest
WD8003/1002T,rest
WD8003/3036/SOFT-CLOSE,rest
WD8003/Pine-Mirror on right door,rest
"WD8003/WH-Add locks to 2 drawers, Silver handle, 25x100cm mirror",rest
WD8003/WH-SOFT CLOSE DOOR,rest
WD8003/Walnut-Mirror,rest
"WD8003/Walnut-Mirror (right door), sc slider",rest
WD8005/Oak,rest
WD8005/Walnut,rest
WD8006/3036-AD,rest
"WD8006/3045-2 drawer locks, silver handles",rest
WD8007,rest
WD8008-AD,rest
WD8008/3036,rest
WD8009/3075,rest
WD8030/OKGP,rest
WD8033/Custom,rest
Zara-Storage/Queen,rest
Zara/Brown/Queen,rest
Zara/Brown/SuperSingle,rest
Zara/Divan/Leather/Queen,rest
Zara/Divan/Single,rest
Zara/Divan/SuperSingle,rest
Zara/Grey/King,rest
Zara/Grey/Queen,rest
Zara/Storage/Queen/ML07,rest
Zara/Storage/Queen/PL-012,rest
c,rest
metal legs,rest
metal- wood legs,rest
